{"__Version":"0.1","App":"1a2f70b5-830b-4524-a123-6c554ba5e137","Test_7F478737223C4B69":"cf5f2336-4883-47c8-b0ff-aee44bb3ba97","Host":"4ae0edc1-af4c-459d-8ec8-8b85a35a2d2f","Main Screen":"32c82283-0229-4c70-800d-cff4182a4250","Main screen - Screen background":"070785bd-6d14-4ced-a329-cfff30635281","Main Screen - Header background":"4eaf3eaa-69a0-4ee6-a06f-0ad32c08862c","Main screen - Mockup - Phone template":"1d351c01-d125-42d4-af6f-a2f0296ae8d7","Main screen - Phone background":"1ef80067-65e2-4d88-91db-5d8e368c4def","Main Screen - Header":"bd1685f9-1d98-471f-bd1c-9fa34407725f","Main screen - Gear icon":"8b7d57ba-27f2-4013-8c05-89ea061f2a73","Main Screen - Designer icon":"39486b7a-03c3-4ae7-bf23-39427470b939","Main screen - Mockup - Avatar":"da73413c-2105-4aaa-99cb-c0d125c7a09c","Main screen - Select demo":"598f2aab-35cf-4636-b5d6-6b609d4c3897","Main screen - Mockup - App title":"eaa0e0d9-3270-452a-92cd-28e37a263f29","Main screen - Role header":"47374307-b41e-42dd-be32-59804b094db4","Main screen - Role header for visibility":"77061697-fe68-4c33-9456-589b6e353239","Main screen - Dropdown":"5feac91d-f234-44c5-b429-9f32fb8a2aed","Theming - Default Colors Header":"3699b9c0-6c41-411b-83de-2548049cf618","Main screen - Role change button":"0d891744-58aa-447a-8093-4cf99efd4d0c","Main screen - Role change button for visibility":"b44a013c-039c-4eb2-8d9b-6318217ef075","Main screen - Dropdown Navigation":"70669aeb-c51c-4c37-9016-60480474df09","Theming - Primary header":"e127c5cd-8675-4d61-83bb-e217cc033c4b","Theming - Primary input":"7a62b97e-cebf-42bb-9d5f-da33758f95d0","Theming - Primary description":"dcbe8669-ebd7-4e4e-8f2c-97bb458b3d74","Theming - Primary Circle":"27a3bd05-c525-4d12-9bc9-28eea7a4fa4c","Main screen - Named formula header":"d2b6ec43-5e96-4967-80d2-952751e4d3f3","Main screen - Named formula get role header":"fb78c7cc-1a5c-4bbe-9f62-76406afceb30","Main screen - Mockup - App image":"5d6f4eb3-ce2b-46f6-856f-45171dadd23b","Main screen - Named formula":"a3557400-4e54-4094-a0d3-5ff55e3988ab","Main screen - Named get role formula":"fa2500b0-5fed-4969-ae66-abadada4e300","Theming - Regular header":"716cf13e-bd06-4578-8fc7-ddf694b6bd86","Theming - Regular input":"74ddb28e-775c-4a3b-84c6-de0b6274dc48","Theming - Regular description":"475718b8-1b59-4811-b500-47ef463fad2e","Theming - Regular Circle":"8afe9978-31f5-486f-b7e3-c3c1b527952b","Theming - Light header":"ead2f3c7-c211-40e8-862f-3b6fe544a235","Theming - Light input":"f9ba9e1d-0163-4647-a688-07276cbe961e","Theming - Light description":"97344880-14f3-4f79-8745-f89ea99b1cf7","Theming - Light Circle":"8ff70999-a10c-4bb7-bad1-bfa7df33896b","Theming - Accent header":"ae7d72d2-5b30-4b4c-8c4c-80f183bdea80","Theming - Accent input":"c7ddf965-d8a3-4b1e-b31f-8a386aa1cb4a","Theming - Accent description":"317664c8-e504-4570-bf85-2cbe169084df","Theming - Accent Circle":"c1176361-f964-4054-8911-1eb0a304bc1a","Main screen - Navigation button sjow icon header":"06f2065c-1b1a-4055-8b22-4c25584ae956","Main screen - Mockup - Select button":"7455f83a-b4f0-4e26-be22-4f6027700945","Restore button":"60ee35e7-dd1c-4ec6-b9da-b75b78210142","Update color button":"1514771e-a4c2-4c79-af78-e66dab3571d6","Main screen - Navigation button show icon formula":"de345f6d-52ee-42af-b948-8aaf1fcde923","Main screen - Navigation button header":"9f7a10c3-65c6-4663-8e31-5c22c56969a7","Main screen - Mockup - Sing Up button":"4cfe0cb7-fc01-4aad-b97b-42f549822395","Main screen - Navigation button formula":"7e142079-8693-4727-bb1c-ab99b16ec245","Sample yellow color":"19ab70eb-229b-4193-baf5-1f324e74b6ce","Sample blue color":"8b250df7-3695-44e3-ad88-99520edc828e","Main screen - Mockup - Footer":"18055a6b-d801-4d37-8ad3-1287839b42c8","Sign Up - Left_4":"84e0bcbe-4e4a-4bd3-a791-c1bed5cae712","Main Screen - Go next":"9e094cfa-58f9-4ee5-acae-6f87f81b804e","Main screen - Theming group":"71fa883c-65b2-4426-b35e-6d3fce0edd3a","Main screen - Visibility":"3b8afe8d-368f-42f1-a061-f507e97998c9","Main screen - Navigation":"5930a0ec-2207-49f4-8351-37200651b47e","Select Date":"21c71f3e-8e56-44e3-8afd-a33df65fada3","Select date - Screen background":"3b18f2ed-3cc3-4763-b03a-73567840f6dd","Select date - Header background":"fd8ebf11-79f6-4805-8582-059d95a0bd34","Select date - Mockup - Phone template":"ede7ed6f-f7d0-4b7b-8c4a-8c78b87401b7","Select date - Phone background":"f13885b6-9f89-4b9f-b460-9b1836b50267","Select date - Header":"fdfea73d-1956-4833-9ba3-e6e8944970ef","Select date - Mockup - Avatar":"dfee8e46-eaec-4e0f-8dad-a245e3f7836e","Select date - Named formula":"9736278f-181c-4e67-90e1-82c274af8f01","Select date - Mockup - App title":"4c8fbe7f-4201-4076-816a-69e39159d734","Select date - Button bachground":"9c55a5b5-611b-4713-a3b6-0f6abfb90b08","Select date - Mockup - Now button":"06596eda-13de-46bc-873a-fd2a07510440","Select date - Mockup - Tomorrow button":"3ebd96d1-7a15-40f4-894f-a1a674400637","Select date - Mockup - Next 3 days button":"99b120d0-e7b4-4889-a61f-a2b95061b1e3","Select date - Mockup - Cancel button":"5fa897a7-1b8d-403f-a702-57fcc5662859","Select date - Mockup - Footer":"72c89d50-2369-4304-b4fb-ed69dc7057eb","Sign Up - Left_3":"2ef69e10-f424-413b-9ee5-89f61773e94c","Select Parameters":"463d18c5-6c56-4276-9e44-c63d4eb0aa0a","Select parameters - Screen background":"bafe05c5-b0d3-43ef-a598-64fa8addb240","Select parameters - Header background":"b833ce29-3ed3-45f4-97d9-d887f4205596","Select parameters - Mockup - Phone template":"ef2b59ff-a074-4fc5-820e-a1991bb0a269","Select parameters - Mockup - Phone background":"cc2e768b-e58d-4fb2-a2e8-c16454b2d853","Select parameters - Header":"fc44bf4f-0d1f-429e-ad92-16346cff3d8a","Select parameters - Mockup - Avatar":"567e8f23-f80c-40c3-a772-98724602f8f0","Select parameters - Named formula":"c41a3d19-8815-428c-94e7-b55c2626e47a","Select parameters - Mockup - App title":"adb4eee6-06b5-46ea-981e-6ed5ea450ddc","Select parameters - Mockup - Parameters Gallery":"fd623158-83b3-4c01-a94d-7a6c3ae39f11","galleryTemplate2_2":"38f8604f-f46c-4419-af32-2e6f5223867c","Select parameters - Mockup - Parameter button background":"e30f6180-3beb-4f70-b998-9729ffa5d705","Select parameters - Mockup - Button":"6c9a4cf9-2817-4462-94e4-5a03527ba90a","Select parameters - Mockup - Parameter image":"12508735-f18f-499e-b4c3-d8f3d67d5a12","Select parameters - Mockup - Parameter description":"95f19d92-58dc-459c-9743-29a2ff3a6874","Select parameters - Mockup - Back button":"647fe1ca-aa8a-4b84-8ede-a8787f68dc58","Select parameters - Mockup - Next button":"b5e2b19f-3b7b-4868-8c2e-46377546e57d","Select parameters - Mockup - Back icon":"6ccc8166-731c-44af-8b31-5c1d2afe75cb","Select parameters - Mockup - Footer":"6d18b10e-924d-4a57-b518-2062fa0f77ae","Sign Up - Left_2":"afee4bf5-fdc6-4af6-ba10-a1e41a50adbc","Main Screen - Go next_2":"a1451aef-8200-4b86-91e6-1e59cd284c62","UDF":"3033fac0-c4ba-4fff-9db1-4c299a8b5a44","UDF - Screen background":"ccfd59c1-b911-4b72-a5d1-54010d2951aa","UDF - Header background":"4d2620e7-4c29-4462-b1bc-8fcf9a9b6b22","UDF - Mockup - Phone template":"0bef64a9-d051-40c6-afef-4280d827caf7","UDF - Header":"024d38e1-da11-4e7b-bd91-53860f631213","UDF - Mockup - Avatar":"8c573c06-8284-4c4c-b284-6a2960dfd8cd","UDF - Select demo":"f26cf540-8010-479c-a6f2-f42575e248ef","UDF - Mockup - App title":"8a91d6c0-4bde-4359-a35d-6166c17fa300","UDF - Named formula header - Simple UDF":"b7eb14a7-e998-42c6-a6f8-60e6e014b62c","UDF - Named formula header - Verify email":"1bf85351-93f3-423c-bef7-5f88915364ad","UDF - Named formula - Simple UDF":"8bdec649-1c2c-41d6-87fa-c6d35f0852d2","UDF - Named formula - Verify email":"632869af-6bbf-4caa-ac2e-336ba09b2386","UDF - Mockup - Form background":"72dd557b-4bf0-42dc-be07-3bd10e097222","UDF - Mockup - Hours header":"7b74d0b4-51e4-4fe8-91eb-707db3f572ef","UDF - Mockup - Hours input":"8a149fc7-31f6-4bf4-ba3d-97e0a2762d8b","UDF - Mockup - Total price":"9f09b1df-67a4-49a8-973d-5ecbe0e9a564","UDF - Mockup - Email header":"e7fe6d1d-ed9d-478c-98dd-6ab947f734cb","UDF - Mockup - Email input":"361986d6-62ab-40a3-8d43-701eca27c7fe","UDF - Mockup - Email validation message":"b7f01611-478f-45ae-8979-c0efd7ec541d","UDF - Mockup - Date header":"6f68b737-6775-4582-9430-2c1267d969f5","UDF - Mockup - Date":"d1f61482-7caf-4643-9262-175594eaab6e","UDF - Mockup - Back button":"72b330d5-d1bf-4af7-8aef-38b884806942","UDF - Mockup - Sign Up button":"f22f9049-b2c8-472c-876a-01786b0324a8","UDF - Mockup - Back icon":"6c74dc39-1599-4a6e-9428-a8132ef74555","UDF - Mockup - Footer":"d8e5cc2d-1fd4-4333-b423-ffb0c49fd167","UDF - Go next":"6667a820-2e13-4ecf-8d15-8b3b20cc3bc1"}