<environmentvariabledefinition schemaname="kch_BrandColors">
  <defaultvalue>Example: {"Accent":"#FF8400","Light":"#FFFFFF","Primary":"#61CE70","Regular":"#2A2A2A"}</defaultvalue>
  <displayname default="BrandColors">
    <label description="BrandColors" languagecode="1033" />
  </displayname>
  <introducedversion>1.0.0.0</introducedversion>
  <iscustomizable>1</iscustomizable>
  <isrequired>0</isrequired>
  <secretstore>0</secretstore>
  <type>100000003</type>
</environmentvariabledefinition>